"protein_id","gene_symbol","protein_name","molecular_weight","peptide_count","confidence_score"
"P00001","CTNNB1","Protein_1953",120953,22,50.3
"P00002","AKT1","Protein_1945",205283,11,77.6
"P00003","PIK3CA","Protein_2735",18375,3,66.8
"P00004","RET","Protein_4380",65719,12,59.7
"P00005","PIK3CA","Protein_4658",222652,2,93.1
"P00006","TSC1","Protein_302",143709,2,55.6
"P00007","BRCA1","Protein_4953",140072,6,66.5
"P00008","GSK3B","Protein_467",246088,1,91
"P00009","AR","Protein_3605",273810,2,74.8
"P00010","EGFR","Protein_897",274375,1,22.7
"P00011","MAPK1","Protein_4797",275731,2,79.1
"P00012","TP53","Protein_2943",280208,13,78.1
"P00013","KRAS","Protein_527",166469,46,34.6
"P00014","TNF","Protein_1754",196965,17,59
"P00015","CCND1","Protein_2715",27602,3,38.7
"P00016","CDKN2A","Protein_4498",130376,6,23.1
"P00017","ERBB2","Protein_1851",159966,1,78.5
"P00018","NOTCH1","Protein_350",205931,3,47.2
"P00019","MAPK1","Protein_2081",115103,1,71.6
"P00020","AR","Protein_1502",125467,10,35.3
"P00021","AKT1","Protein_1482",81028,2,32
"P00022","AKT1","Protein_3444",55805,2,74.6
"P00023","NOTCH1","Protein_233",163915,2,67.4
"P00024","VHL","Protein_2533",242205,13,65.9
"P00025","RET","Protein_3262",138399,3,89.6
"P00026","GSK3B","Protein_1382",229346,1,3.3
"P00027","PIK3CA","Protein_939",195049,1,59.4
"P00028","AKT1","Protein_4325",269940,44,95
"P00029","BRCA1","Protein_1222",121081,12,55.3
"P00030","TNF","Protein_2448",286138,1,1.6
"P00031","VHL","Protein_1080",216093,1,79.4
"P00032","EGFR","Protein_3900",279546,36,75.4
"P00033","TNF","Protein_3573",118671,21,89.2
"P00034","FAS","Protein_2041",237661,2,22.7
"P00035","RB1","Protein_1454",73542,7,31.9
"P00036","SMAD4","Protein_303",150783,31,85.7
"P00037","MAPK1","Protein_3595",207556,33,88.9
"P00038","VHL","Protein_746",144454,1,65.4
"P00039","MYC","Protein_2867",282352,15,78.7
"P00040","MYC","Protein_239",108558,3,91.7
"P00041","BRCA1","Protein_2131",10111,40,74.5
"P00042","TSC1","Protein_4077",73041,8,42.9
"P00043","EGFR","Protein_1012",20459,7,89.7
"P00044","NOTCH1","Protein_4695",110988,1,0.8
"P00045","SMAD4","Protein_119",38407,10,49.8
"P00046","BRCA1","Protein_515",221798,2,40.8
"P00047","FAS","Protein_2908",223383,1,27.8
"P00048","MYC","Protein_1296",198431,12,54.2
"P00049","MAPK1","Protein_1301",266842,4,61.2
"P00050","KRAS","Protein_1441",43053,14,88.8
"P00051","AR","Protein_1765",88284,1,46.3
"P00052","PIK3CA","Protein_1006",266509,1,12.1
"P00053","TP53","Protein_1627",291738,27,72
"P00054","RB1","Protein_1699",271485,1,39.5
"P00055","PTEN","Protein_1582",211908,5,71.7
"P00056","AKT1","Protein_510",279982,8,32.5
"P00057","RET","Protein_2504",226959,1,1.5
"P00058","KRAS","Protein_2854",42060,36,93.4
"P00059","BRAF","Protein_3204",166128,11,13.7
"P00060","JUN","Protein_3973",108524,18,5.2
"P00061","MTOR","Protein_3130",220282,9,52.9
"P00062","TSC1","Protein_498",108906,1,85.5
"P00063","BRAF","Protein_2535",227703,16,0.5
"P00064","CDKN2A","Protein_3612",104521,2,87.6
"P00065","EGFR","Protein_4333",93518,48,40.3
"P00066","JUN","Protein_2474",92980,1,45.5
"P00067","NF1","Protein_1273",69588,9,6.1
"P00068","PIK3CA","Protein_4108",93443,19,80.4
"P00069","GSK3B","Protein_2548",86952,31,71.7
"P00070","TNF","Protein_3148",58106,1,69.5
"P00071","KIT","Protein_4463",57664,4,70.5
"P00072","PIK3CA","Protein_1375",93165,5,23.7
"P00073","GSK3B","Protein_2865",158416,3,3
"P00074","NOTCH1","Protein_3773",117280,15,24.4
"P00075","BRCA1","Protein_2801",283048,15,62.4
"P00076","VHL","Protein_714",177265,4,2.2
"P00077","TNF","Protein_4127",165768,23,27.3
"P00078","RB1","Protein_4419",221011,1,94.3
"P00079","VHL","Protein_4305",101900,1,99.9
"P00080","PIK3CA","Protein_4100",250972,7,90.3
"P00081","KIT","Protein_3481",201740,32,14.9
"P00082","AR","Protein_2635",71369,1,89.8
"P00083","FAS","Protein_295",110940,1,51
"P00084","AR","Protein_2634",159921,49,49.4
"P00085","SMAD4","Protein_2527",272764,2,62.1
"P00086","AKT1","Protein_3861",297172,1,28
"P00087","IL6","Protein_4157",94743,8,9.9
"P00088","AKT1","Protein_1242",103406,47,4.9
"P00089","PTEN","Protein_3869",192440,8,61.2
"P00090","KRAS","Protein_4464",233439,14,28.3
"P00091","VHL","Protein_3652",76476,8,2.5
"P00092","CTNNB1","Protein_4727",80319,2,18.2
"P00093","RET","Protein_4937",47933,3,64.3
"P00094","SMAD4","Protein_4855",258427,9,8.6
"P00095","NOTCH1","Protein_2509",39036,2,95.3
"P00096","APC","Protein_1989",215117,5,62.1
"P00097","NF1","Protein_2948",167883,4,81.4
"P00098","NOTCH1","Protein_3210",61984,48,31.8
"P00099","GSK3B","Protein_3459",66276,3,80.1
"P00100","JUN","Protein_4135",255735,47,67.2
"P00101","RB1","Protein_2470",205330,9,12.5
"P00102","MTOR","Protein_1297",262260,19,21.9
"P00103","BRAF","Protein_4475",191480,6,61
"P00104","IL6","Protein_1684",245285,3,98
"P00105","SMAD4","Protein_4436",280918,18,0.4
"P00106","CCND1","Protein_652",10818,7,99.5
"P00107","CDKN2A","Protein_660",147549,2,49.9
"P00108","IL6","Protein_3939",171583,1,93.3
"P00109","MAPK1","Protein_1342",73174,3,34
"P00110","NF1","Protein_1650",281362,1,46
"P00111","AR","Protein_3",293560,36,49.7
"P00112","JUN","Protein_4236",135276,3,74.1
"P00113","FAS","Protein_1759",244301,10,31.3
"P00114","MYC","Protein_2519",84015,38,8
"P00115","TP53","Protein_358",180787,1,7
"P00116","RET","Protein_2911",137220,2,9.1
"P00117","KIT","Protein_102",64443,15,54.5
"P00118","PIK3CA","Protein_2113",12490,9,32.8
"P00119","BRAF","Protein_3626",120613,6,51
"P00120","FAS","Protein_2874",46974,32,95.5
"P00121","NF1","Protein_3262",288667,1,49.4
"P00122","MAPK1","Protein_4109",144918,11,41.2
"P00123","CDKN2A","Protein_3909",77676,1,46
"P00124","KRAS","Protein_1465",241488,13,82.2
"P00125","KRAS","Protein_4912",204405,8,57
"P00126","TNF","Protein_4878",179357,2,48
"P00127","TP53","Protein_1371",203473,10,13.8
"P00128","CTNNB1","Protein_4513",224412,7,36.4
"P00129","IL6","Protein_4896",204629,5,6.9
"P00130","JUN","Protein_3585",53794,1,57.9
"P00131","IL6","Protein_4779",185835,5,29.3
"P00132","APC","Protein_2894",280086,2,44.7
"P00133","RB1","Protein_4321",120554,3,44.4
"P00134","KIT","Protein_4948",266090,1,92.7
"P00135","KIT","Protein_131",213005,28,81.8
"P00136","ERBB2","Protein_4983",222123,2,9.3
"P00137","MYC","Protein_3843",91660,22,59.2
"P00138","TNF","Protein_3131",135091,10,54.3
"P00139","ERBB2","Protein_3635",220587,1,4.1
"P00140","CDKN2A","Protein_4887",243607,4,49
"P00141","CCND1","Protein_1334",136164,1,34.8
"P00142","PIK3CA","Protein_3489",87604,1,44.6
"P00143","NF1","Protein_2054",237268,10,28.6
"P00144","RB1","Protein_1486",65075,1,26.1
"P00145","NOTCH1","Protein_3081",57879,1,81.8
"P00146","RB1","Protein_1767",13747,1,76.3
"P00147","VHL","Protein_1060",118452,1,46.1
"P00148","BRCA1","Protein_1338",177221,11,7
"P00149","CCND1","Protein_3335",242949,8,82.7
"P00150","MYC","Protein_285",13008,9,77.5
"P00151","NOTCH1","Protein_719",265248,5,73.5
"P00152","MYC","Protein_1758",152185,1,1.4
"P00153","MYC","Protein_4560",183498,7,6.7
"P00154","TSC1","Protein_2029",204450,1,94
"P00155","GSK3B","Protein_1425",131036,1,92.5
"P00156","ERBB2","Protein_4673",237683,5,75.9
"P00157","BRCA1","Protein_1082",223536,1,34.6
"P00158","KRAS","Protein_1847",255504,2,52.1
"P00159","FAS","Protein_3539",201833,6,89.1
"P00160","GSK3B","Protein_4424",221935,1,0.8
"P00161","CCND1","Protein_4656",269988,5,66.9
"P00162","MTOR","Protein_2937",66553,26,46.6
"P00163","MAPK1","Protein_4299",294826,5,72.7
"P00164","BRAF","Protein_2890",245906,5,23
"P00165","TP53","Protein_1071",178554,1,66.1
"P00166","BRCA1","Protein_4188",162316,5,87.9
"P00167","TNF","Protein_3634",278414,9,12.6
"P00168","TNF","Protein_514",19023,15,5.1
"P00169","BRCA1","Protein_1160",219752,6,75.7
"P00170","IL6","Protein_92",141939,11,5.3
"P00171","GSK3B","Protein_1744",229452,33,78.1
"P00172","CDKN2A","Protein_3621",20806,3,41.1
"P00173","JUN","Protein_952",211088,2,15.3
"P00174","CCND1","Protein_238",52357,1,47.8
"P00175","KIT","Protein_1799",82033,23,15
"P00176","BRCA1","Protein_3276",87674,30,26.5
"P00177","GSK3B","Protein_1822",180260,1,87.8
"P00178","BRCA1","Protein_1909",90801,1,42.7
"P00179","CTNNB1","Protein_3301",81160,9,79.1
"P00180","KRAS","Protein_3676",248679,35,39.6
"P00181","IL6","Protein_3621",229424,1,95.7
"P00182","GSK3B","Protein_308",147438,2,30
"P00183","NOTCH1","Protein_3157",49612,23,59.2
"P00184","PIK3CA","Protein_767",60562,46,25
"P00185","KRAS","Protein_757",275588,12,97.6
"P00186","RB1","Protein_1843",86295,4,43.8
"P00187","RB1","Protein_1793",266340,3,20.6
"P00188","PIK3CA","Protein_2091",91945,2,83.4
"P00189","EGFR","Protein_3939",269332,4,94.2
"P00190","KIT","Protein_4253",176648,6,96.9
"P00191","KIT","Protein_1279",206933,10,39.2
"P00192","GSK3B","Protein_4079",214532,33,84.6
"P00193","MAPK1","Protein_558",86521,13,33.2
"P00194","TP53","Protein_4544",107707,1,51.8
"P00195","PIK3CA","Protein_2177",114549,31,33.2
"P00196","EGFR","Protein_2264",116467,3,11.5
"P00197","NOTCH1","Protein_1987",109665,3,14.9
"P00198","MAPK1","Protein_1793",212362,9,81.8
"P00199","RET","Protein_1773",42347,2,33.2
"P00200","CDKN2A","Protein_3138",65772,7,92.8
"P00201","TSC1","Protein_3085",33608,50,35
"P00202","MAPK1","Protein_1222",136491,7,42.7
"P00203","RB1","Protein_3494",276777,1,40.2
"P00204","CTNNB1","Protein_2828",138556,3,42.5
"P00205","CTNNB1","Protein_3963",88350,9,29.5
"P00206","CCND1","Protein_927",74401,1,89.3
"P00207","TSC1","Protein_291",239557,26,66.2
"P00208","AKT1","Protein_502",83860,50,57.4
"P00209","TSC1","Protein_25",26837,1,93.4
"P00210","CDKN2A","Protein_1743",119988,1,98.8
"P00211","RB1","Protein_2853",272894,32,11.3
"P00212","BRAF","Protein_1581",64783,24,47.9
"P00213","RB1","Protein_4527",112026,20,67.3
"P00214","CCND1","Protein_1006",143986,1,5.3
"P00215","RET","Protein_3347",287364,2,44
"P00216","CCND1","Protein_1212",39285,1,85.5
"P00217","GSK3B","Protein_4717",20369,2,64.7
"P00218","RB1","Protein_4329",197452,7,64.1
"P00219","JUN","Protein_122",28938,7,15.4
"P00220","TSC1","Protein_4592",102641,47,39.5
"P00221","TP53","Protein_793",86028,48,4.1
"P00222","RB1","Protein_4071",238472,15,10.5
"P00223","TP53","Protein_1804",50293,23,67.1
"P00224","GSK3B","Protein_1419",202865,1,81
"P00225","BRCA1","Protein_1516",273197,2,23.8
"P00226","AR","Protein_683",98241,2,72.3
"P00227","NF1","Protein_717",219818,2,74.6
"P00228","EGFR","Protein_2421",115590,2,60.7
"P00229","PIK3CA","Protein_1061",135459,2,3.2
"P00230","RET","Protein_1043",221372,1,94
"P00231","MTOR","Protein_4162",86211,14,74.3
"P00232","TP53","Protein_4909",233002,25,14.4
"P00233","CCND1","Protein_923",157966,47,38.4
"P00234","APC","Protein_1436",208132,49,58.2
"P00235","GSK3B","Protein_2271",138945,4,99.2
"P00236","PIK3CA","Protein_1645",192309,1,40.2
"P00237","ERBB2","Protein_4301",201429,10,19.5
"P00238","TNF","Protein_3162",20856,20,69.7
"P00239","MYC","Protein_112",236790,9,93.3
"P00240","FAS","Protein_3338",168781,1,67.1
"P00241","NF1","Protein_4801",136659,47,85.3
"P00242","KRAS","Protein_2736",32635,27,45.3
"P00243","PTEN","Protein_2473",251998,1,27.3
"P00244","BRAF","Protein_504",163788,8,6.7
"P00245","BRAF","Protein_1729",284027,3,43.3
"P00246","IL6","Protein_876",83764,3,51.9
"P00247","EGFR","Protein_441",230260,16,27.9
"P00248","VHL","Protein_3783",142816,17,93.1
"P00249","SMAD4","Protein_4015",269430,1,54.5
"P00250","ERBB2","Protein_2825",44505,48,2.5
"P00251","GSK3B","Protein_2946",227137,1,56.3
"P00252","GSK3B","Protein_2220",136070,35,29.5
"P00253","ERBB2","Protein_3084",251020,50,16.1
"P00254","JUN","Protein_3990",281346,4,69.2
"P00255","IL6","Protein_2204",87611,8,70
"P00256","TSC1","Protein_2841",290143,18,13.7
"P00257","IL6","Protein_3299",206334,1,89.2
"P00258","NF1","Protein_632",11859,1,15.2
"P00259","NOTCH1","Protein_474",214132,11,92.1
"P00260","TNF","Protein_2431",24219,11,15.6
"P00261","TP53","Protein_1801",31470,2,13.5
"P00262","JUN","Protein_2431",32527,24,21.7
"P00263","MYC","Protein_4046",292076,1,47.3
"P00264","CDKN2A","Protein_4251",39268,12,64
"P00265","BRAF","Protein_1715",129768,13,28.5
"P00266","NOTCH1","Protein_4300",294547,2,97.7
"P00267","MAPK1","Protein_4856",17966,43,52.7
"P00268","NOTCH1","Protein_3254",255072,5,71
"P00269","NOTCH1","Protein_1294",196662,46,54.9
"P00270","TSC1","Protein_2252",142344,2,20.9
"P00271","FAS","Protein_992",256481,1,20.2
"P00272","NOTCH1","Protein_2836",252681,11,28.9
"P00273","MAPK1","Protein_1792",146241,1,47.7
"P00274","RET","Protein_1686",296558,3,13.9
"P00275","PIK3CA","Protein_2372",168404,39,85.3
"P00276","CDKN2A","Protein_4685",224010,4,23.6
"P00277","ERBB2","Protein_1812",258802,14,43.5
"P00278","SMAD4","Protein_3181",289008,2,24.4
"P00279","BRCA1","Protein_4798",153522,1,34.8
"P00280","IL6","Protein_4745",46420,27,92.1
"P00281","MYC","Protein_4745",80463,1,71.8
"P00282","TP53","Protein_4790",50664,10,73.9
"P00283","KIT","Protein_4862",159484,1,57.7
"P00284","NF1","Protein_2153",258596,1,4.3
"P00285","RB1","Protein_674",272508,9,67.1
"P00286","CDKN2A","Protein_3869",245984,8,79.6
"P00287","GSK3B","Protein_2331",182461,10,75.9
"P00288","VHL","Protein_1983",244284,2,90
"P00289","FAS","Protein_284",218697,8,37.8
"P00290","BRCA1","Protein_1868",209065,6,40.9
"P00291","MAPK1","Protein_1708",298005,3,36.4
"P00292","KRAS","Protein_912",102448,44,91.3
"P00293","AKT1","Protein_1964",119363,3,14
"P00294","TSC1","Protein_3787",250366,1,63.4
"P00295","ERBB2","Protein_2514",74784,8,15.8
"P00296","JUN","Protein_127",290627,8,74
"P00297","PTEN","Protein_3151",268589,10,79.8
"P00298","RB1","Protein_2741",268850,1,37.4
"P00299","CTNNB1","Protein_309",38791,1,39.5
"P00300","CCND1","Protein_4263",34264,15,92.5
"P00301","PIK3CA","Protein_754",284596,39,48.6
"P00302","NOTCH1","Protein_1357",207922,1,52.1
"P00303","TSC1","Protein_3292",91373,1,33.2
"P00304","VHL","Protein_3884",156428,1,39.4
"P00305","MAPK1","Protein_4942",156502,1,29.9
"P00306","BRAF","Protein_3671",165064,14,68
"P00307","CDKN2A","Protein_2118",295209,1,75.8
"P00308","GSK3B","Protein_2722",134018,2,45.6
"P00309","MYC","Protein_3550",94746,45,37.9
"P00310","KRAS","Protein_350",39817,1,39.9
"P00311","BRAF","Protein_142",130350,13,18.6
"P00312","FAS","Protein_828",192638,1,76.6
"P00313","MAPK1","Protein_1082",22255,5,19.6
"P00314","APC","Protein_3493",274413,27,42
"P00315","BRAF","Protein_2696",33371,1,64.3
"P00316","CDKN2A","Protein_1344",285250,7,33.6
"P00317","APC","Protein_1650",53804,5,4.5
"P00318","GSK3B","Protein_643",208465,8,29.4
"P00319","SMAD4","Protein_3353",218696,2,61.5
"P00320","AKT1","Protein_1184",76923,22,8.2
"P00321","KRAS","Protein_3468",37831,40,7.7
"P00322","NOTCH1","Protein_4569",91183,8,94.6
"P00323","IL6","Protein_4365",164712,12,31.8
"P00324","NOTCH1","Protein_1936",88432,1,25.7
"P00325","CTNNB1","Protein_4965",177938,1,9.8
"P00326","RB1","Protein_4531",220790,6,35.2
"P00327","CCND1","Protein_2056",127177,1,96.5
"P00328","CTNNB1","Protein_4108",127974,1,53.5
"P00329","SMAD4","Protein_834",236728,19,74.5
"P00330","MTOR","Protein_1377",299466,1,25.8
"P00331","SMAD4","Protein_4631",196883,1,60.8
"P00332","MYC","Protein_2625",124329,1,2.2
"P00333","ERBB2","Protein_845",150420,7,81.4
"P00334","BRAF","Protein_4190",172071,10,67.3
"P00335","KRAS","Protein_1278",172016,2,90.4
"P00336","TNF","Protein_4856",131245,48,70
"P00337","VHL","Protein_4003",40460,4,5.7
"P00338","FAS","Protein_4736",85474,12,40.3
"P00339","PTEN","Protein_3782",285909,7,20.8
"P00340","KIT","Protein_3187",242482,45,29.3
"P00341","MTOR","Protein_387",189322,25,77.8
"P00342","SMAD4","Protein_4261",96680,4,21.1
"P00343","APC","Protein_1478",158527,6,31.5
"P00344","KRAS","Protein_974",155274,2,97.5
"P00345","IL6","Protein_1908",117385,6,66.2
"P00346","IL6","Protein_4973",122815,19,38.3
"P00347","PIK3CA","Protein_2291",85112,20,66.7
"P00348","BRCA1","Protein_1847",10678,1,48.6
"P00349","EGFR","Protein_1306",263117,6,52.2
"P00350","BRCA1","Protein_1135",225312,1,54.3
"P00351","CTNNB1","Protein_1342",173249,6,96.7
"P00352","KIT","Protein_3779",173176,1,40.9
"P00353","CTNNB1","Protein_1443",45796,5,50.3
"P00354","NF1","Protein_4625",67045,1,99.2
"P00355","AKT1","Protein_164",243439,3,45
"P00356","TNF","Protein_4584",274937,2,49.5
"P00357","SMAD4","Protein_509",236821,41,73
"P00358","TNF","Protein_2156",39961,7,13.8
"P00359","MYC","Protein_4290",134074,1,54.7
"P00360","TSC1","Protein_3034",20935,3,62.3
"P00361","SMAD4","Protein_3570",78914,2,5.1
"P00362","TSC1","Protein_1271",81359,1,86.3
"P00363","CDKN2A","Protein_2375",58415,1,49.6
"P00364","MAPK1","Protein_4643",44261,1,15.4
"P00365","TP53","Protein_587",207576,1,11.3
"P00366","CTNNB1","Protein_4604",237691,1,95.3
"P00367","KIT","Protein_4731",178590,2,57.9
"P00368","GSK3B","Protein_4852",164933,22,60.8
"P00369","TP53","Protein_255",54697,18,28.5
"P00370","JUN","Protein_3191",113144,9,42.8
"P00371","AKT1","Protein_1570",168642,3,1.9
"P00372","RET","Protein_3898",156080,1,80.7
"P00373","MYC","Protein_126",210533,4,30.7
"P00374","NOTCH1","Protein_2548",59528,1,8
"P00375","MTOR","Protein_2525",172367,3,44.4
"P00376","JUN","Protein_4980",175908,4,93.1
"P00377","PTEN","Protein_2415",277405,1,90.1
"P00378","MTOR","Protein_4428",176889,1,27.7
"P00379","PIK3CA","Protein_4316",291457,4,71.5
"P00380","VHL","Protein_2772",146707,2,18.8
"P00381","PTEN","Protein_2425",238495,4,75
"P00382","RET","Protein_2839",154670,3,29.9
"P00383","MAPK1","Protein_3180",19170,27,66.7
"P00384","CCND1","Protein_2525",48826,31,51.2
"P00385","NOTCH1","Protein_1691",264173,15,0.6
"P00386","BRCA1","Protein_1510",249295,22,17.2
"P00387","GSK3B","Protein_2243",71897,8,60.6
"P00388","EGFR","Protein_4122",29912,8,0.6
"P00389","TP53","Protein_1939",24605,2,78.4
"P00390","ERBB2","Protein_3889",296253,4,55.8
"P00391","JUN","Protein_3056",194035,1,7.7
"P00392","TSC1","Protein_3246",284870,2,80.5
"P00393","CDKN2A","Protein_4042",178518,13,24
"P00394","BRAF","Protein_4443",212532,15,41.7
"P00395","NOTCH1","Protein_3806",153092,1,9.3
"P00396","KRAS","Protein_262",35573,1,65.5
"P00397","PTEN","Protein_4719",90754,1,63.8
"P00398","APC","Protein_3873",202847,3,77.7
"P00399","GSK3B","Protein_4576",231845,4,48.2
"P00400","VHL","Protein_2215",23960,31,16.7
"P00401","IL6","Protein_4973",192898,37,85
"P00402","MTOR","Protein_3583",124145,1,95.6
"P00403","KRAS","Protein_1285",53643,34,43
"P00404","BRAF","Protein_2353",237785,1,20.7
"P00405","APC","Protein_1437",35105,2,74.3
"P00406","ERBB2","Protein_1521",241918,5,52
"P00407","KIT","Protein_4915",31905,39,31.1
"P00408","FAS","Protein_147",158814,9,96.5
"P00409","EGFR","Protein_3281",145927,49,60.8
"P00410","NOTCH1","Protein_4738",127704,41,59.2
"P00411","JUN","Protein_1622",221831,4,9.6
"P00412","TSC1","Protein_4859",185142,1,48.9
"P00413","KRAS","Protein_2146",262682,8,9.5
"P00414","BRCA1","Protein_4507",26158,2,12.8
"P00415","FAS","Protein_4194",262431,6,30.8
"P00416","RB1","Protein_3752",112478,31,12.4
"P00417","VHL","Protein_4240",177571,29,64
"P00418","APC","Protein_2597",289864,3,29.2
"P00419","KIT","Protein_3341",137687,1,86.4
"P00420","RB1","Protein_4324",21918,9,33.2
"P00421","CCND1","Protein_2688",210573,2,21.2
"P00422","KRAS","Protein_4657",285023,12,95.2
"P00423","PIK3CA","Protein_4737",180908,3,28.3
"P00424","RET","Protein_2140",213373,32,28.7
"P00425","VHL","Protein_850",144207,31,29.6
"P00426","APC","Protein_3560",114185,23,12.6
"P00427","APC","Protein_2218",186848,15,84.7
"P00428","KRAS","Protein_4448",296339,5,76.1
"P00429","NF1","Protein_1098",103510,1,74.4
"P00430","BRCA1","Protein_1314",150350,1,56.4
"P00431","MAPK1","Protein_1011",299710,3,30.1
"P00432","AKT1","Protein_707",291560,5,54.5
"P00433","IL6","Protein_788",11265,40,38.7
"P00434","MAPK1","Protein_1779",157869,18,93.3
"P00435","JUN","Protein_4205",280742,2,84.3
"P00436","PTEN","Protein_2126",215904,32,84.7
"P00437","TP53","Protein_2895",298318,8,65.2
"P00438","KIT","Protein_202",92031,16,88
"P00439","TSC1","Protein_3008",157724,43,96.9
"P00440","NOTCH1","Protein_3973",61219,1,40.3
"P00441","APC","Protein_4930",252742,10,31.3
"P00442","MTOR","Protein_366",16591,7,43.4
"P00443","APC","Protein_4231",112575,7,40.2
"P00444","MYC","Protein_4688",87415,1,46.6
"P00445","MTOR","Protein_3172",263529,1,31.1
"P00446","IL6","Protein_762",232265,2,20.4
"P00447","CCND1","Protein_791",257460,12,40.3
"P00448","KRAS","Protein_2418",49205,1,11.7
"P00449","PTEN","Protein_4365",53103,31,95.6
"P00450","APC","Protein_3169",45709,41,65.3
"P00451","IL6","Protein_2066",36847,7,40.2
"P00452","BRCA1","Protein_3212",105806,4,42.8
"P00453","MYC","Protein_529",205758,3,5.1
"P00454","BRAF","Protein_2532",173333,44,50.1
"P00455","TNF","Protein_3596",51468,2,13.1
"P00456","CDKN2A","Protein_1319",100028,1,88.2
"P00457","MYC","Protein_4007",276578,4,94.4
"P00458","PIK3CA","Protein_2190",267321,1,24.5
"P00459","KIT","Protein_1041",213305,26,21.8
"P00460","KRAS","Protein_4141",188379,19,97.5
"P00461","ERBB2","Protein_955",218011,7,16.4
"P00462","TP53","Protein_4957",150831,2,32.9
"P00463","BRAF","Protein_3304",191522,33,70
"P00464","KRAS","Protein_1393",49178,45,78.3
"P00465","RB1","Protein_4066",200287,23,30.5
"P00466","MTOR","Protein_2368",60671,2,12.8
"P00467","NOTCH1","Protein_3973",268621,3,93.8
"P00468","TP53","Protein_3652",206487,1,60.8
"P00469","CDKN2A","Protein_1288",166845,2,42.2
"P00470","IL6","Protein_1935",117244,5,22.3
"P00471","AKT1","Protein_2987",203790,8,88.3
"P00472","EGFR","Protein_4886",261045,3,23
"P00473","CTNNB1","Protein_1460",172245,11,43.8
"P00474","SMAD4","Protein_1099",24837,4,10.4
"P00475","MYC","Protein_2303",252926,1,10.6
"P00476","JUN","Protein_2805",193065,1,49.3
"P00477","CTNNB1","Protein_1938",95979,1,66.7
"P00478","PIK3CA","Protein_2988",96974,2,77.7
"P00479","KRAS","Protein_3127",31527,6,2.4
"P00480","CCND1","Protein_3539",279212,1,43.2
"P00481","TSC1","Protein_4286",126333,1,36.7
"P00482","BRCA1","Protein_1388",202959,3,39.5
"P00483","FAS","Protein_103",17241,3,0.7
"P00484","AKT1","Protein_476",54269,1,33.6
"P00485","IL6","Protein_2971",52927,23,75.2
"P00486","IL6","Protein_539",37674,28,75.5
"P00487","TSC1","Protein_957",153366,1,95
"P00488","BRAF","Protein_3782",181332,1,85.3
"P00489","CTNNB1","Protein_116",53464,2,48.5
"P00490","KIT","Protein_1502",120030,32,1.4
"P00491","KIT","Protein_2796",238718,32,66.7
"P00492","EGFR","Protein_3909",145312,1,30.7
"P00493","VHL","Protein_1661",149004,3,52.4
"P00494","KRAS","Protein_4895",135913,21,81.1
"P00495","TP53","Protein_3732",58331,2,92.8
"P00496","AR","Protein_497",225693,2,93.9
"P00497","TSC1","Protein_966",245971,1,6.3
"P00498","SMAD4","Protein_3330",50955,7,71.8
"P00499","PIK3CA","Protein_2243",112417,16,0.7
"P00500","MYC","Protein_3968",299925,19,44.8
"P00501","JUN","Protein_492",220916,3,66.9
"P00502","KIT","Protein_4410",188539,1,72.8
"P00503","AKT1","Protein_1533",169673,9,81.3
"P00504","CTNNB1","Protein_235",95797,8,58.6
"P00505","BRAF","Protein_3448",141401,3,10.1
"P00506","AR","Protein_3506",138309,5,70.1
"P00507","FAS","Protein_1888",55308,6,54.4
"P00508","NF1","Protein_2266",214779,1,67.8
"P00509","MAPK1","Protein_1369",11204,14,51.9
"P00510","MTOR","Protein_2090",223735,14,93.4
"P00511","KRAS","Protein_1775",16864,1,14.3
"P00512","KIT","Protein_3468",21009,1,63.8
"P00513","FAS","Protein_1627",27984,1,43.3
"P00514","CDKN2A","Protein_2781",15628,38,34.5
"P00515","FAS","Protein_2921",75554,3,21.7
"P00516","NOTCH1","Protein_1057",144612,30,84.7
"P00517","IL6","Protein_3342",262798,2,40.3
"P00518","CTNNB1","Protein_214",241608,4,21.2
"P00519","BRCA1","Protein_2541",88555,28,54
"P00520","NF1","Protein_463",174145,2,38.3
"P00521","KIT","Protein_2989",18517,5,27.6
"P00522","IL6","Protein_3473",255758,10,0.8
"P00523","GSK3B","Protein_4249",60469,1,63.2
"P00524","ERBB2","Protein_3046",200413,2,57.7
"P00525","RB1","Protein_2150",195985,1,75.5
"P00526","MYC","Protein_3581",201307,4,73.6
"P00527","FAS","Protein_4307",188960,3,69.8
"P00528","JUN","Protein_4748",286526,8,4.3
"P00529","APC","Protein_201",60080,47,60.4
"P00530","KRAS","Protein_4910",51787,4,99.4
"P00531","RET","Protein_2171",93104,4,91
"P00532","CCND1","Protein_2139",72177,42,17.6
"P00533","MYC","Protein_2690",167872,1,7.1
"P00534","TP53","Protein_4595",198843,3,9.8
"P00535","CDKN2A","Protein_1815",92674,4,65.1
"P00536","RET","Protein_928",184073,1,37.1
"P00537","MAPK1","Protein_1421",162610,1,93.4
"P00538","MAPK1","Protein_4171",14166,1,61.8
"P00539","KRAS","Protein_2286",245663,19,47.7
"P00540","CTNNB1","Protein_3782",214346,2,33
"P00541","RET","Protein_2625",190162,2,31.8
"P00542","ERBB2","Protein_851",38578,1,69
"P00543","RB1","Protein_4744",205272,1,40.9
"P00544","ERBB2","Protein_4011",41954,23,18.7
"P00545","AR","Protein_2911",229967,3,16.5
"P00546","AKT1","Protein_2764",287799,8,76.8
"P00547","MYC","Protein_15",57220,2,6.4
"P00548","KRAS","Protein_4416",264344,4,55.1
"P00549","GSK3B","Protein_4587",104195,6,12.9
"P00550","CTNNB1","Protein_1311",75883,6,97.1
"P00551","TSC1","Protein_1375",190225,16,95.8
"P00552","TNF","Protein_953",286141,1,64.8
"P00553","IL6","Protein_847",22794,7,92.7
"P00554","TNF","Protein_747",96467,48,48.2
"P00555","NF1","Protein_3958",50317,16,55.4
"P00556","MTOR","Protein_3802",255971,20,55.4
"P00557","NF1","Protein_2412",136033,1,0.6
"P00558","APC","Protein_2037",275553,19,70.9
"P00559","EGFR","Protein_378",56061,1,9
"P00560","TNF","Protein_1473",273438,7,21
"P00561","SMAD4","Protein_1096",271617,3,2.7
"P00562","PTEN","Protein_3898",269607,7,15.7
"P00563","EGFR","Protein_1227",276751,6,1.5
"P00564","KRAS","Protein_300",122209,16,80.5
"P00565","SMAD4","Protein_3755",97250,2,49.3
"P00566","KRAS","Protein_1627",94761,11,53.4
"P00567","PTEN","Protein_3608",202005,3,11
"P00568","APC","Protein_1807",269569,19,6.9
"P00569","JUN","Protein_1251",59057,17,0.9
"P00570","RET","Protein_3433",146709,2,16.7
"P00571","KRAS","Protein_3977",103101,18,58.8
"P00572","FAS","Protein_3910",81770,32,54.1
"P00573","KIT","Protein_1722",107112,18,69
"P00574","TNF","Protein_219",54278,1,88
"P00575","JUN","Protein_4037",236293,10,18.7
"P00576","TNF","Protein_2459",272006,43,57.6
"P00577","CCND1","Protein_3057",163315,29,96.9
"P00578","CDKN2A","Protein_523",234980,5,49.7
"P00579","RET","Protein_4927",180602,15,46.1
"P00580","EGFR","Protein_1885",279848,8,32.2
"P00581","KRAS","Protein_323",64872,3,34.6
"P00582","APC","Protein_1534",87654,5,23.4
"P00583","BRCA1","Protein_1641",170129,32,41.7
"P00584","PTEN","Protein_1419",184710,1,26.1
"P00585","TSC1","Protein_2460",186724,3,36.5
"P00586","SMAD4","Protein_663",50201,2,67.2
"P00587","SMAD4","Protein_2548",245052,9,50.2
"P00588","CDKN2A","Protein_4739",164963,38,28
"P00589","MAPK1","Protein_2299",98306,4,3.6
"P00590","CDKN2A","Protein_2447",67629,46,57.4
"P00591","CCND1","Protein_959",171526,1,52.1
"P00592","MAPK1","Protein_1072",198885,1,38.2
"P00593","TP53","Protein_3521",192396,9,53.5
"P00594","SMAD4","Protein_4411",150647,10,56.3
"P00595","CCND1","Protein_1758",53324,1,96.1
"P00596","MYC","Protein_524",278498,2,84.6
"P00597","MAPK1","Protein_806",35815,30,16.2
"P00598","FAS","Protein_3931",191094,6,78.8
"P00599","KRAS","Protein_4739",232579,12,67.5
"P00600","BRAF","Protein_288",109503,10,48.2
"P00601","GSK3B","Protein_3573",244303,9,49.5
"P00602","MTOR","Protein_1343",21864,2,16.1
"P00603","GSK3B","Protein_2306",192239,4,37.1
"P00604","RET","Protein_3662",104348,9,71.8
"P00605","VHL","Protein_4479",247092,2,67.4
"P00606","ERBB2","Protein_4889",90883,41,55.4
"P00607","SMAD4","Protein_109",250327,32,95
"P00608","TP53","Protein_571",263605,1,15.6
"P00609","CDKN2A","Protein_914",268108,6,9.4
"P00610","AR","Protein_2252",206126,3,84.2
"P00611","RET","Protein_532",164981,42,78.1
"P00612","KIT","Protein_3850",90716,9,81
"P00613","BRCA1","Protein_2296",238540,9,34.8
"P00614","MYC","Protein_764",181142,10,24.4
"P00615","RET","Protein_4435",73235,46,9.7
"P00616","CCND1","Protein_2464",170474,6,99.6
"P00617","EGFR","Protein_372",70147,7,34.8
"P00618","GSK3B","Protein_338",192423,10,0.1
"P00619","RET","Protein_540",290119,1,27
"P00620","NF1","Protein_2365",121081,4,74.1
"P00621","APC","Protein_4558",161332,34,22.4
"P00622","NF1","Protein_4527",265777,7,31.5
"P00623","RET","Protein_4650",48729,33,70.1
"P00624","RET","Protein_3773",272399,5,57.6
"P00625","AR","Protein_1629",138598,2,77.9
"P00626","IL6","Protein_2389",45064,22,14.7
"P00627","JUN","Protein_3430",96215,6,44.7
"P00628","FAS","Protein_1958",253717,17,40.3
"P00629","RET","Protein_233",18577,1,78.5
"P00630","MYC","Protein_3270",75984,5,27
"P00631","MYC","Protein_2439",145138,4,97
"P00632","AR","Protein_1845",180460,33,69.1
"P00633","MAPK1","Protein_3105",226133,1,66.8
"P00634","PIK3CA","Protein_1859",254056,7,67.6
"P00635","FAS","Protein_1258",248026,25,68.3
"P00636","BRAF","Protein_1053",209925,14,76.7
"P00637","KRAS","Protein_4514",163737,23,64.5
"P00638","CTNNB1","Protein_4740",154023,8,65.5
"P00639","GSK3B","Protein_1083",290942,1,46.7
"P00640","MAPK1","Protein_1077",166105,2,46.6
"P00641","CDKN2A","Protein_2626",193505,4,56.2
"P00642","CTNNB1","Protein_2092",296461,18,46.2
"P00643","FAS","Protein_2252",12160,7,34.3
"P00644","TP53","Protein_118",278131,1,96.9
"P00645","NOTCH1","Protein_368",281071,2,9.6
"P00646","ERBB2","Protein_3244",156204,1,80.3
"P00647","AKT1","Protein_495",69335,5,11.9
"P00648","GSK3B","Protein_1418",118513,15,47.6
"P00649","PTEN","Protein_4508",111592,4,4.1
"P00650","CDKN2A","Protein_115",290499,31,93.3
"P00651","KRAS","Protein_2840",160811,8,20.4
"P00652","AR","Protein_1351",165390,1,67.4
"P00653","GSK3B","Protein_3875",75842,1,64.3
"P00654","EGFR","Protein_317",200370,30,46
"P00655","RET","Protein_2969",86245,3,46.2
"P00656","TSC1","Protein_2963",272392,1,15.4
"P00657","FAS","Protein_2099",199333,2,53
"P00658","TNF","Protein_3299",88258,2,63.6
"P00659","NF1","Protein_321",13051,3,47.3
"P00660","AR","Protein_564",106166,1,69.8
"P00661","EGFR","Protein_3811",169890,2,9.7
"P00662","BRAF","Protein_2914",111845,4,26.1
"P00663","NF1","Protein_464",208144,8,83.5
"P00664","CDKN2A","Protein_2749",174725,6,15.9
"P00665","RET","Protein_199",169035,1,76.3
"P00666","PTEN","Protein_603",12272,11,9.2
"P00667","VHL","Protein_2564",239834,10,40.6
"P00668","PTEN","Protein_1524",107994,3,19.1
"P00669","SMAD4","Protein_3997",237591,15,43.8
"P00670","PIK3CA","Protein_2333",230480,5,85.8
"P00671","TNF","Protein_1284",231677,1,78.8
"P00672","TSC1","Protein_4870",190498,9,68
"P00673","VHL","Protein_4046",284079,37,76.6
"P00674","PTEN","Protein_974",194751,1,17.7
"P00675","RB1","Protein_3608",98248,24,0.1
"P00676","MAPK1","Protein_369",26319,2,5.7
"P00677","EGFR","Protein_4238",184050,36,90.2
"P00678","NF1","Protein_4621",179856,35,0.3
"P00679","AR","Protein_3803",134450,8,61.9
"P00680","APC","Protein_2803",141753,1,17.4
"P00681","VHL","Protein_4095",228209,48,26.3
"P00682","KRAS","Protein_4541",157353,24,68.4
"P00683","ERBB2","Protein_4395",99686,20,21
"P00684","JUN","Protein_923",246064,26,11.6
"P00685","MTOR","Protein_1685",85886,8,70
"P00686","EGFR","Protein_4043",278599,34,62
"P00687","TSC1","Protein_684",196593,5,97
"P00688","NF1","Protein_3798",126147,3,95.8
"P00689","JUN","Protein_4098",134769,1,85.2
"P00690","NOTCH1","Protein_1910",89778,20,1.5
"P00691","KRAS","Protein_3633",77450,14,32.9
"P00692","BRCA1","Protein_2962",126629,8,45.2
"P00693","AR","Protein_2402",155265,6,22.9
"P00694","TP53","Protein_2659",236386,2,16.5
"P00695","RET","Protein_4309",212515,39,16
"P00696","PTEN","Protein_4137",141312,14,83.1
"P00697","CDKN2A","Protein_4206",132307,16,79.9
"P00698","CDKN2A","Protein_2350",108057,10,50.2
"P00699","RET","Protein_1282",78987,1,28
"P00700","PIK3CA","Protein_4893",148937,3,63.8
"P00701","BRCA1","Protein_2420",208638,1,64.4
"P00702","ERBB2","Protein_97",274516,2,57
"P00703","PIK3CA","Protein_3724",46381,29,60.8
"P00704","KIT","Protein_4781",61799,3,59.1
"P00705","PIK3CA","Protein_4634",139226,11,7.3
"P00706","MAPK1","Protein_3813",119616,13,62.9
"P00707","RB1","Protein_412",131280,2,59.8
"P00708","GSK3B","Protein_2939",52203,5,16.5
"P00709","VHL","Protein_801",291566,2,23.6
"P00710","CTNNB1","Protein_1992",296350,1,90
"P00711","NOTCH1","Protein_2248",14105,1,27
"P00712","RB1","Protein_4128",102244,9,93.7
"P00713","VHL","Protein_990",186115,11,80.6
"P00714","PTEN","Protein_407",247088,3,44
"P00715","RET","Protein_4267",183985,10,14
"P00716","BRCA1","Protein_3587",159386,18,42.8
"P00717","MTOR","Protein_1729",160547,38,96.3
"P00718","CCND1","Protein_1437",134815,1,3.3
"P00719","EGFR","Protein_2839",275582,43,26.8
"P00720","TSC1","Protein_2217",114058,1,56.6
"P00721","MAPK1","Protein_4317",100459,1,46.9
"P00722","IL6","Protein_1569",71134,2,1.2
"P00723","AR","Protein_1630",152104,3,53.3
"P00724","TSC1","Protein_151",273939,2,41.9
"P00725","GSK3B","Protein_695",245941,1,46.9
"P00726","FAS","Protein_2702",222953,16,6.8
"P00727","KIT","Protein_1217",118938,7,19.4
"P00728","TP53","Protein_396",158601,1,21
"P00729","TNF","Protein_4653",154554,34,71.2
"P00730","KIT","Protein_3429",49665,1,43.5
"P00731","SMAD4","Protein_3351",140707,4,97.6
"P00732","TNF","Protein_2349",100868,4,70
"P00733","VHL","Protein_2814",222806,11,51.1
"P00734","TNF","Protein_2454",250621,2,92
"P00735","BRCA1","Protein_50",167935,50,15.5
"P00736","CCND1","Protein_4412",56396,4,33.5
"P00737","PIK3CA","Protein_74",75884,2,50
"P00738","KRAS","Protein_1736",92274,1,41.6
"P00739","MTOR","Protein_2215",64382,5,40.5
"P00740","EGFR","Protein_3928",237139,1,40.9
"P00741","MAPK1","Protein_2851",145013,1,88
"P00742","VHL","Protein_4412",198075,1,31.1
"P00743","VHL","Protein_2082",20355,1,18.1
"P00744","VHL","Protein_1751",89528,1,37.9
"P00745","ERBB2","Protein_2719",183106,1,38.9
"P00746","TP53","Protein_4451",285731,10,76.2
"P00747","AR","Protein_3922",43263,40,84.7
"P00748","APC","Protein_4933",43893,2,96.1
"P00749","AR","Protein_2496",193356,1,59.1
"P00750","CCND1","Protein_4543",277254,2,94.2
"P00751","TSC1","Protein_1170",295808,32,88.3
"P00752","APC","Protein_4854",239746,28,45.4
"P00753","BRCA1","Protein_2673",297294,15,4.7
"P00754","SMAD4","Protein_565",15212,16,72.1
"P00755","TSC1","Protein_1332",177848,9,23.3
"P00756","APC","Protein_3356",191418,2,28
"P00757","JUN","Protein_4566",45016,5,24.1
"P00758","MAPK1","Protein_1014",238648,22,6.6
"P00759","CDKN2A","Protein_1550",259133,6,45.5
"P00760","ERBB2","Protein_3075",72139,3,69.8
"P00761","VHL","Protein_2643",298143,16,10.4
"P00762","AR","Protein_1318",153766,2,64.3
"P00763","TNF","Protein_3816",130445,11,28.6
"P00764","KRAS","Protein_3423",25149,7,94.5
"P00765","JUN","Protein_3492",295339,1,3.2
"P00766","BRCA1","Protein_2081",62796,7,43.1
"P00767","NOTCH1","Protein_4770",218676,6,73.3
"P00768","AKT1","Protein_1255",170774,4,4.3
"P00769","FAS","Protein_2164",53027,21,33.7
"P00770","RB1","Protein_2853",185994,3,61.2
"P00771","MTOR","Protein_4183",72796,6,59.3
"P00772","FAS","Protein_3109",146486,11,6.5
"P00773","TSC1","Protein_1428",261757,9,45.5
"P00774","APC","Protein_3456",73608,25,13.2
"P00775","PTEN","Protein_415",243720,3,72.5
"P00776","BRAF","Protein_2797",219868,3,32.2
"P00777","CCND1","Protein_3268",160439,38,66
"P00778","APC","Protein_2439",273270,36,32.6
"P00779","SMAD4","Protein_4372",16671,1,3.5
"P00780","CDKN2A","Protein_367",89453,1,8.4
"P00781","CDKN2A","Protein_2319",141360,2,10
"P00782","MTOR","Protein_712",161534,46,85.3
"P00783","RB1","Protein_889",146645,37,17.7
"P00784","BRCA1","Protein_2853",96328,20,62
"P00785","TSC1","Protein_847",54657,1,3.3
"P00786","PTEN","Protein_403",145651,3,17.9
"P00787","RB1","Protein_4973",197404,21,1.6
"P00788","AKT1","Protein_574",173519,1,19.9
"P00789","RET","Protein_4293",214723,44,83.8
"P00790","APC","Protein_2976",143204,3,11
"P00791","TP53","Protein_4078",99852,1,46.1
"P00792","GSK3B","Protein_2922",114803,3,63.7
"P00793","RB1","Protein_2908",151309,8,44.2
"P00794","AKT1","Protein_4287",102434,36,81.1
"P00795","IL6","Protein_545",210983,38,38.1
"P00796","BRCA1","Protein_4185",158938,10,32.5
"P00797","CTNNB1","Protein_2078",218393,7,14.5
"P00798","JUN","Protein_1419",131933,1,84.6
"P00799","MAPK1","Protein_3718",51091,19,70
"P00800","IL6","Protein_3850",94989,9,37.5
"P00801","SMAD4","Protein_311",210274,1,62
"P00802","AR","Protein_180",197644,1,60.2
"P00803","EGFR","Protein_3081",147829,48,46.9
"P00804","MAPK1","Protein_4293",200470,1,86.8
"P00805","RET","Protein_2431",74771,1,65.8
"P00806","BRCA1","Protein_1490",174601,23,22
"P00807","FAS","Protein_3235",292131,3,86.3
"P00808","AKT1","Protein_1088",49275,15,54.5
"P00809","BRAF","Protein_2998",221701,1,6.5
"P00810","CDKN2A","Protein_4097",200336,3,70.2
"P00811","GSK3B","Protein_617",264780,16,75.7
"P00812","KRAS","Protein_1370",202815,36,33.6
"P00813","KIT","Protein_167",104577,30,83.6
"P00814","CTNNB1","Protein_1285",122676,3,55.9
"P00815","TP53","Protein_1463",26124,43,43.9
"P00816","TP53","Protein_4300",215925,1,65.5
"P00817","KIT","Protein_1330",93684,1,40.5
"P00818","TSC1","Protein_2356",270115,22,88.2
"P00819","MAPK1","Protein_1745",255696,45,70.1
"P00820","SMAD4","Protein_3954",192256,2,82.1
"P00821","GSK3B","Protein_2551",225792,9,9.3
"P00822","CDKN2A","Protein_3395",235590,7,34.7
"P00823","BRAF","Protein_712",293874,2,60
"P00824","CCND1","Protein_2826",271052,1,72.9
"P00825","APC","Protein_3724",45983,22,54.3
"P00826","PIK3CA","Protein_342",285915,1,94
"P00827","SMAD4","Protein_2164",119211,29,66.3
"P00828","BRCA1","Protein_2351",101453,11,26.5
"P00829","BRAF","Protein_3154",181264,1,50.6
"P00830","EGFR","Protein_1533",109092,1,92.2
"P00831","TNF","Protein_935",207516,1,50.4
"P00832","MTOR","Protein_3303",117621,2,8.5
"P00833","BRCA1","Protein_1954",131655,7,37.3
"P00834","CTNNB1","Protein_236",260725,18,18.5
"P00835","TNF","Protein_2111",276538,12,71.1
"P00836","JUN","Protein_3123",218690,1,55.5
"P00837","GSK3B","Protein_1527",240202,3,20.9
"P00838","NF1","Protein_2838",250965,1,4.4
"P00839","VHL","Protein_975",227236,2,81.2
"P00840","CCND1","Protein_1630",189352,38,62.6
"P00841","NOTCH1","Protein_972",125423,30,14.9
"P00842","MAPK1","Protein_4361",122084,5,1.7
"P00843","RB1","Protein_3938",266518,40,60.5
"P00844","TSC1","Protein_661",31076,1,22.9
"P00845","AR","Protein_2614",197422,4,53.4
"P00846","CCND1","Protein_537",22798,5,17.1
"P00847","AR","Protein_4606",87243,26,99.4
"P00848","APC","Protein_2255",293576,6,82.5
"P00849","ERBB2","Protein_2457",156273,2,50
"P00850","IL6","Protein_4998",155458,1,13.6
"P00851","MAPK1","Protein_4389",152815,3,9.7
"P00852","MYC","Protein_717",216380,2,90.3
"P00853","EGFR","Protein_4910",22914,17,26.3
"P00854","TP53","Protein_608",229331,5,20.8
"P00855","CCND1","Protein_3967",150680,7,22.2
"P00856","ERBB2","Protein_602",278527,20,36.8
"P00857","AKT1","Protein_1338",147534,6,79.5
"P00858","GSK3B","Protein_3525",223668,1,20.4
"P00859","BRAF","Protein_2777",219479,1,8.8
"P00860","TP53","Protein_4457",158051,17,85.9
"P00861","CDKN2A","Protein_4478",124552,7,27.3
"P00862","MYC","Protein_754",233654,1,9.2
"P00863","TSC1","Protein_3988",52171,2,83.7
"P00864","KIT","Protein_2072",194387,45,77
"P00865","BRAF","Protein_2046",145739,1,33.3
"P00866","GSK3B","Protein_1100",86788,19,83.6
"P00867","TNF","Protein_545",65499,40,59.4
"P00868","MYC","Protein_4469",251017,2,35.3
"P00869","MTOR","Protein_1599",57349,1,65.8
"P00870","NOTCH1","Protein_2929",173939,4,9.7
"P00871","RB1","Protein_1107",178301,2,49.3
"P00872","CDKN2A","Protein_1060",150986,1,76.6
"P00873","CTNNB1","Protein_1560",49432,1,67.8
"P00874","BRAF","Protein_4535",61792,1,16.6
"P00875","VHL","Protein_4652",167936,1,38
"P00876","CDKN2A","Protein_2739",263613,9,18.7
"P00877","APC","Protein_2409",181831,2,85.5
"P00878","TP53","Protein_4460",111011,1,24.6
"P00879","CDKN2A","Protein_3099",288098,23,95.6
"P00880","RB1","Protein_1546",143535,16,17.5
"P00881","RB1","Protein_541",161351,2,11.2
"P00882","AR","Protein_722",151765,20,95.1
"P00883","CDKN2A","Protein_3799",248622,30,95.3
"P00884","VHL","Protein_2055",148410,7,73
"P00885","TP53","Protein_1147",264571,43,5.5
"P00886","FAS","Protein_2518",216126,1,63.3
"P00887","MYC","Protein_1070",219906,3,66.7
"P00888","BRCA1","Protein_3913",246771,15,28.2
"P00889","KIT","Protein_689",132191,5,98.4
"P00890","PIK3CA","Protein_2828",214228,4,85.3
"P00891","TP53","Protein_4580",124184,2,40.1
"P00892","CCND1","Protein_8",30480,43,15.5
"P00893","IL6","Protein_2622",190803,26,39.5
"P00894","FAS","Protein_3593",12317,13,41.7
"P00895","VHL","Protein_965",207504,4,86.3
"P00896","GSK3B","Protein_1419",113689,44,86.5
"P00897","AKT1","Protein_3865",177410,1,10.9
"P00898","ERBB2","Protein_4602",134143,2,17.5
"P00899","PTEN","Protein_4566",27813,4,28.5
"P00900","KIT","Protein_3197",137818,29,51.5
"P00901","KRAS","Protein_1881",245209,11,40.9
"P00902","EGFR","Protein_2665",33737,24,22.1
"P00903","PTEN","Protein_1369",93878,1,60.3
"P00904","PIK3CA","Protein_1310",82052,16,34.9
"P00905","TNF","Protein_607",156424,14,4.6
"P00906","MYC","Protein_3015",19990,43,47.9
"P00907","PIK3CA","Protein_3715",41962,26,35.7
"P00908","SMAD4","Protein_1711",298794,30,42.5
"P00909","VHL","Protein_3573",283635,3,78.5
"P00910","BRAF","Protein_4807",215226,27,83.3
"P00911","EGFR","Protein_2171",269372,4,56.4
"P00912","EGFR","Protein_100",154288,35,73.4
"P00913","BRAF","Protein_1004",196036,1,37.2
"P00914","RET","Protein_2313",18517,2,79.3
"P00915","CTNNB1","Protein_3643",112386,2,57.2
"P00916","JUN","Protein_3140",124497,17,80.1
"P00917","CTNNB1","Protein_3280",48354,26,17
"P00918","PTEN","Protein_2399",240264,32,90.9
"P00919","KRAS","Protein_2852",166361,5,43.9
"P00920","RB1","Protein_2652",236714,1,59
"P00921","BRCA1","Protein_39",249429,4,10.3
"P00922","TSC1","Protein_1608",205784,31,74.3
"P00923","RB1","Protein_4588",137375,1,93.4
"P00924","MAPK1","Protein_4869",277014,1,36.7
"P00925","MTOR","Protein_1436",238798,19,62.7
"P00926","TNF","Protein_718",20169,1,45.4
"P00927","TNF","Protein_746",294708,6,58
"P00928","MYC","Protein_1311",49188,4,70.4
"P00929","CCND1","Protein_2426",48238,4,2.1
"P00930","NOTCH1","Protein_4478",152783,1,36.8
"P00931","CCND1","Protein_4007",227612,1,11.3
"P00932","APC","Protein_4788",172209,1,35.4
"P00933","KRAS","Protein_4984",287023,1,51.6
"P00934","NF1","Protein_1141",96192,21,60.7
"P00935","TP53","Protein_294",42854,1,33.3
"P00936","KRAS","Protein_2126",266508,6,93.8
"P00937","PTEN","Protein_1179",261599,3,77.7
"P00938","IL6","Protein_4372",15958,32,8.2
"P00939","TNF","Protein_1743",10364,1,85.1
"P00940","BRCA1","Protein_3002",55013,9,31.9
"P00941","AKT1","Protein_2271",214237,5,13.3
"P00942","TSC1","Protein_2974",284234,1,64.9
"P00943","AR","Protein_1643",196691,3,42.2
"P00944","ERBB2","Protein_4527",246030,1,62.5
"P00945","KIT","Protein_492",68890,20,96.7
"P00946","RB1","Protein_1482",28718,7,7.9
"P00947","MAPK1","Protein_2240",32921,5,75.3
"P00948","PIK3CA","Protein_4913",240520,3,23
"P00949","RB1","Protein_4683",298162,12,83.7
"P00950","RB1","Protein_2989",196370,22,13.1
"P00951","NF1","Protein_1870",173794,1,20.9
"P00952","MAPK1","Protein_607",36566,7,48.2
"P00953","TSC1","Protein_901",67831,8,84
"P00954","IL6","Protein_3637",195721,1,90.6
"P00955","CCND1","Protein_4348",295217,12,4.7
"P00956","MYC","Protein_3674",246080,2,49.9
"P00957","EGFR","Protein_4629",260687,12,38
"P00958","KIT","Protein_713",56355,25,41.6
"P00959","BRAF","Protein_1032",154416,6,27.4
"P00960","TNF","Protein_4098",212523,1,98.8
"P00961","MTOR","Protein_681",240695,1,92.5
"P00962","FAS","Protein_3544",41401,1,27.2
"P00963","BRAF","Protein_2056",172730,4,36.4
"P00964","TNF","Protein_4727",213536,14,54.5
"P00965","KIT","Protein_2378",107463,1,35
"P00966","EGFR","Protein_3053",57210,7,36.9
"P00967","AKT1","Protein_266",112314,2,23.4
"P00968","EGFR","Protein_528",112530,1,18.2
"P00969","PTEN","Protein_4671",137018,7,54
"P00970","TP53","Protein_465",53142,5,72.8
"P00971","GSK3B","Protein_4154",59865,19,69.5
"P00972","TNF","Protein_4804",229619,7,30.1
"P00973","PIK3CA","Protein_1098",151862,10,5.9
"P00974","NOTCH1","Protein_4617",138346,1,80.2
"P00975","AKT1","Protein_4813",297364,2,45.1
"P00976","JUN","Protein_371",210375,10,34.2
"P00977","CTNNB1","Protein_2044",25602,10,93.6
"P00978","AR","Protein_776",222133,2,44.4
"P00979","MTOR","Protein_4786",172676,30,32.8
"P00980","MTOR","Protein_3022",154475,3,20.8
"P00981","MTOR","Protein_2896",253907,2,19.2
"P00982","ERBB2","Protein_1721",144457,18,37.2
"P00983","BRAF","Protein_4560",67684,4,72.6
"P00984","TNF","Protein_621",200068,3,64.7
"P00985","EGFR","Protein_3699",296317,8,72.7
"P00986","EGFR","Protein_158",219391,1,2.3
"P00987","MAPK1","Protein_1365",17114,2,7.8
"P00988","BRAF","Protein_927",153047,3,15.9
"P00989","PTEN","Protein_3460",54119,3,95.8
"P00990","CTNNB1","Protein_2826",202062,1,61.2
"P00991","FAS","Protein_59",17927,25,57.6
"P00992","MTOR","Protein_2923",238623,2,13.5
"P00993","RET","Protein_1564",16870,28,95.7
"P00994","RB1","Protein_767",227997,2,83.7
"P00995","ERBB2","Protein_3341",73700,2,14.3
"P00996","ERBB2","Protein_2166",272405,50,15.5
"P00997","TSC1","Protein_3202",27349,31,54.6
"P00998","EGFR","Protein_2001",18496,12,19.4
"P00999","CTNNB1","Protein_3374",56445,1,41.2
"P01000","RET","Protein_4390",194126,11,41
"P01001","APC","Protein_3324",296707,1,97.4
"P01002","BRCA1","Protein_3147",172834,8,39.3
"P01003","NOTCH1","Protein_4929",126683,6,21.9
"P01004","PIK3CA","Protein_2999",74295,2,40
"P01005","BRAF","Protein_2271",276587,4,78.5
"P01006","JUN","Protein_3391",75468,1,66.1
"P01007","VHL","Protein_2122",20772,7,13.5
"P01008","TP53","Protein_3224",212987,43,71.6
"P01009","AKT1","Protein_2453",111855,3,62.1
"P01010","VHL","Protein_1528",114729,2,3.5
"P01011","CCND1","Protein_908",89933,1,88.3
"P01012","PIK3CA","Protein_4797",125225,1,83
"P01013","EGFR","Protein_3373",297112,11,98.3
"P01014","KRAS","Protein_1303",211259,2,91.1
"P01015","TNF","Protein_561",104623,3,22.2
"P01016","IL6","Protein_4968",263322,27,22.5
"P01017","PTEN","Protein_3121",218969,30,39.5
"P01018","KIT","Protein_2910",294381,18,3
"P01019","JUN","Protein_2300",236380,36,76.6
"P01020","CTNNB1","Protein_4116",236000,33,5.1
"P01021","KRAS","Protein_4311",182169,3,1.7
"P01022","FAS","Protein_949",293434,9,2.8
"P01023","KRAS","Protein_2247",91833,33,7.2
"P01024","SMAD4","Protein_1197",270491,4,62.1
"P01025","BRAF","Protein_4761",231674,37,54.4
"P01026","PTEN","Protein_3072",192882,3,73.7
"P01027","MYC","Protein_939",241864,1,24.2
"P01028","TSC1","Protein_2262",184081,1,93
"P01029","GSK3B","Protein_1328",71263,20,77.9
"P01030","AR","Protein_4995",292243,8,62.7
"P01031","MAPK1","Protein_295",180511,1,80.3
"P01032","CCND1","Protein_4153",55109,3,82.2
"P01033","TNF","Protein_4176",64110,10,100
"P01034","PIK3CA","Protein_2123",162451,3,28.9
"P01035","MAPK1","Protein_655",212966,2,17
"P01036","APC","Protein_1629",177120,26,16
"P01037","TSC1","Protein_4609",112503,4,16.5
"P01038","CDKN2A","Protein_4626",12796,30,60.5
"P01039","CTNNB1","Protein_2656",43700,22,32.5
"P01040","RB1","Protein_505",115127,49,63.2
"P01041","PTEN","Protein_1900",221294,4,33.4
"P01042","TNF","Protein_8",194310,12,1.9
"P01043","KRAS","Protein_1620",107773,1,83.5
"P01044","MTOR","Protein_2897",10677,4,82.6
"P01045","NOTCH1","Protein_3997",249258,32,12
"P01046","AKT1","Protein_2473",196620,1,27
"P01047","TSC1","Protein_1804",32844,1,40.9
"P01048","EGFR","Protein_4867",122415,5,45.5
"P01049","JUN","Protein_3984",47959,37,68.2
"P01050","JUN","Protein_985",204596,42,15.5
"P01051","TP53","Protein_4588",98978,17,86.8
"P01052","NF1","Protein_1876",231421,3,73.8
"P01053","MAPK1","Protein_4166",231448,10,29.8
"P01054","PIK3CA","Protein_3762",277601,41,35.5
"P01055","APC","Protein_1606",142125,1,34.4
"P01056","RB1","Protein_1869",23327,4,7.8
"P01057","CDKN2A","Protein_2006",201592,1,88.8
"P01058","TP53","Protein_4926",159826,8,61.4
"P01059","TNF","Protein_2088",71177,1,13.5
"P01060","TP53","Protein_3895",86382,49,5
"P01061","VHL","Protein_3731",18857,1,2.7
"P01062","EGFR","Protein_3660",158482,6,42.5
"P01063","CCND1","Protein_4155",194965,1,63
"P01064","PIK3CA","Protein_4149",140100,1,50.8
"P01065","PTEN","Protein_3122",122411,9,9.6
"P01066","MYC","Protein_3944",44747,2,99.7
"P01067","NF1","Protein_1172",291008,5,38.8
"P01068","RET","Protein_983",20265,1,69.5
"P01069","TP53","Protein_475",128522,1,15.6
"P01070","TNF","Protein_4207",295073,6,10.1
"P01071","APC","Protein_2634",255184,27,40.3
"P01072","VHL","Protein_4260",36878,2,64.7
"P01073","KRAS","Protein_2661",85918,1,21.6
"P01074","KIT","Protein_1519",186422,10,46.1
"P01075","KRAS","Protein_3274",126642,3,87.7
"P01076","FAS","Protein_4950",48786,40,58.7
"P01077","BRCA1","Protein_3575",274765,2,29.2
"P01078","NF1","Protein_907",280915,1,5.3
"P01079","GSK3B","Protein_1726",87993,1,97.1
"P01080","BRAF","Protein_3789",21191,1,95.4
"P01081","RB1","Protein_2166",185131,46,90.4
"P01082","BRCA1","Protein_1749",64262,3,71.2
"P01083","ERBB2","Protein_3017",223402,40,20
"P01084","FAS","Protein_2926",42310,22,35.3
"P01085","CTNNB1","Protein_3674",234547,1,0.7
"P01086","AR","Protein_4856",160815,10,2.1
"P01087","EGFR","Protein_1176",34659,3,17.7
"P01088","BRCA1","Protein_1479",100416,6,65.5
"P01089","RB1","Protein_383",88847,1,58.8
"P01090","NOTCH1","Protein_2496",297524,39,8.1
"P01091","EGFR","Protein_3325",114206,11,65.1
"P01092","CDKN2A","Protein_4899",154492,3,11.9
"P01093","MAPK1","Protein_2271",282717,7,81.5
"P01094","PIK3CA","Protein_1966",273471,44,70.6
"P01095","NOTCH1","Protein_3044",219809,2,40.4
"P01096","TP53","Protein_4565",240295,1,76.9
"P01097","EGFR","Protein_3183",87396,1,83
"P01098","KIT","Protein_2983",228527,9,35.3
"P01099","MYC","Protein_4372",167161,2,38.2
"P01100","NF1","Protein_668",212139,22,5
"P01101","KRAS","Protein_903",183311,30,66
"P01102","CTNNB1","Protein_4578",186286,28,0.9
"P01103","AR","Protein_474",87128,1,55.9
"P01104","FAS","Protein_1950",78967,1,8.1
"P01105","NOTCH1","Protein_544",189146,1,87.8
"P01106","BRAF","Protein_2484",116077,2,24.3
"P01107","EGFR","Protein_2539",260446,6,48.5
"P01108","BRCA1","Protein_1727",207333,1,16.5
"P01109","MYC","Protein_4106",275046,28,20.7
"P01110","BRCA1","Protein_272",11927,3,62.6
"P01111","NF1","Protein_4327",223330,2,99.8
"P01112","CCND1","Protein_2991",19212,2,20.6
"P01113","IL6","Protein_3703",94711,1,10.5
"P01114","CCND1","Protein_132",107747,24,68.2
"P01115","BRAF","Protein_2732",213975,49,58.6
"P01116","PIK3CA","Protein_1533",18995,11,88.4
"P01117","RB1","Protein_685",256617,1,20.1
"P01118","MTOR","Protein_928",168104,3,32.8
"P01119","TSC1","Protein_3860",226206,37,70
"P01120","AKT1","Protein_1134",207440,34,8.8
"P01121","MYC","Protein_2049",135108,1,79
"P01122","BRCA1","Protein_3566",245426,4,11.8
"P01123","EGFR","Protein_4291",270792,8,85.5
"P01124","VHL","Protein_2571",261510,33,77.7
"P01125","CCND1","Protein_3357",129760,2,2.7
"P01126","RB1","Protein_3674",217232,16,6
"P01127","TNF","Protein_3787",230425,5,85.5
"P01128","VHL","Protein_933",215168,16,94.5
"P01129","JUN","Protein_1764",101456,4,98.7
"P01130","CDKN2A","Protein_2206",182484,22,61
"P01131","AR","Protein_1583",124115,1,38.9
"P01132","PTEN","Protein_3672",158948,2,83.1
"P01133","SMAD4","Protein_4676",126781,4,12.9
"P01134","TSC1","Protein_2411",70761,1,23
"P01135","GSK3B","Protein_4147",295597,5,10.5
"P01136","NOTCH1","Protein_1499",296244,20,26.1
"P01137","JUN","Protein_4114",290542,20,10.9
"P01138","FAS","Protein_311",72068,1,67.2
"P01139","TNF","Protein_483",124897,2,75.1
"P01140","TP53","Protein_2174",287002,1,42.5
"P01141","GSK3B","Protein_3108",133242,44,62.7
"P01142","TNF","Protein_1106",249573,4,72.2
"P01143","APC","Protein_4396",267212,16,0.5
"P01144","NF1","Protein_4092",293936,14,42.5
"P01145","AR","Protein_2991",173564,1,92
"P01146","TSC1","Protein_1618",232662,15,42.7
"P01147","VHL","Protein_4163",54888,1,75
"P01148","SMAD4","Protein_4180",107817,1,96.1
"P01149","KRAS","Protein_1979",273172,24,19.3
"P01150","KRAS","Protein_314",119730,8,68.9
"P01151","APC","Protein_1613",152989,7,92.4
"P01152","NOTCH1","Protein_4033",35174,1,1
"P01153","RET","Protein_2394",105869,1,59
"P01154","FAS","Protein_3836",256587,48,76.3
"P01155","MTOR","Protein_3879",121204,1,5.5
"P01156","AR","Protein_2067",160345,1,24.8
"P01157","SMAD4","Protein_3514",197444,19,29.5
"P01158","MYC","Protein_1017",148320,41,51.5
"P01159","NOTCH1","Protein_3180",127992,6,45.8
"P01160","PTEN","Protein_4959",163869,3,91.2
"P01161","GSK3B","Protein_978",270553,27,19.3
"P01162","PTEN","Protein_3753",86316,15,95.5
"P01163","PIK3CA","Protein_4324",235030,1,1.5
"P01164","TP53","Protein_3758",107439,1,2.4
"P01165","APC","Protein_668",230523,28,16.5
"P01166","TNF","Protein_846",236586,7,6.4
"P01167","CDKN2A","Protein_1009",13353,2,8.7
"P01168","BRCA1","Protein_4455",272466,15,66.9
"P01169","VHL","Protein_159",250441,1,50.3
"P01170","FAS","Protein_1031",161741,38,26
"P01171","KRAS","Protein_4537",75374,1,52.8
"P01172","MYC","Protein_4850",183109,2,31.7
"P01173","SMAD4","Protein_4674",139647,7,30.3
"P01174","AKT1","Protein_4005",181639,1,89.1
"P01175","JUN","Protein_3321",82112,1,88.5
"P01176","MTOR","Protein_3885",176711,1,32.2
"P01177","SMAD4","Protein_4",142734,28,35.8
"P01178","MYC","Protein_2589",127294,7,12.2
"P01179","RB1","Protein_598",12641,3,75.3
"P01180","KIT","Protein_1808",217752,8,38.2
"P01181","TP53","Protein_201",42813,13,63.5
"P01182","CTNNB1","Protein_4830",230354,3,77.9
"P01183","CDKN2A","Protein_2344",275870,8,79.1
"P01184","TNF","Protein_4876",178541,6,59.5
"P01185","TSC1","Protein_4358",61986,2,72.1
"P01186","MAPK1","Protein_2822",215773,3,77.5
"P01187","IL6","Protein_4498",36363,1,41.6
"P01188","GSK3B","Protein_289",92569,3,3.8
"P01189","APC","Protein_3085",246592,3,18.1
"P01190","CCND1","Protein_840",177159,48,54.6
"P01191","TNF","Protein_4705",138935,1,49.2
"P01192","PIK3CA","Protein_4066",222516,6,75.6
"P01193","EGFR","Protein_4334",149746,1,19.2
"P01194","RET","Protein_385",142620,31,91.6
"P01195","APC","Protein_3232",100413,9,85.6
"P01196","SMAD4","Protein_865",140682,50,0.3
"P01197","JUN","Protein_2268",81004,3,69.4
"P01198","IL6","Protein_1859",103078,1,21.7
"P01199","VHL","Protein_4750",271941,28,97.7
"P01200","TSC1","Protein_2082",217877,4,79
"P01201","KIT","Protein_1901",84250,24,42
"P01202","BRCA1","Protein_1291",184178,5,70
"P01203","TP53","Protein_2315",40599,1,38.9
"P01204","NOTCH1","Protein_1996",298907,30,63.9
"P01205","NOTCH1","Protein_4937",72682,25,58.5
"P01206","KIT","Protein_3798",139487,3,5.4
"P01207","PTEN","Protein_1849",258776,31,40.3
"P01208","ERBB2","Protein_546",167882,9,37.3
"P01209","FAS","Protein_232",17064,10,14.4
"P01210","MYC","Protein_1824",55312,7,1.5
"P01211","MTOR","Protein_829",160401,1,8.5
"P01212","TSC1","Protein_4693",245682,10,50.8
"P01213","CDKN2A","Protein_2120",134016,12,19.2
"P01214","KRAS","Protein_879",120008,2,16
"P01215","CCND1","Protein_468",19695,33,10.3
"P01216","RB1","Protein_4103",170361,49,7.5
"P01217","IL6","Protein_2639",213329,2,69.1
"P01218","KRAS","Protein_1004",250049,1,56.7
"P01219","CCND1","Protein_1445",137925,10,44.4
"P01220","CTNNB1","Protein_3203",281572,3,96.6
"P01221","APC","Protein_4080",109106,38,37.2
"P01222","KRAS","Protein_1909",126661,11,5.7
"P01223","JUN","Protein_2421",284235,29,52.9
"P01224","BRAF","Protein_955",114601,11,19.1
"P01225","NOTCH1","Protein_4441",57358,4,65.2
"P01226","CTNNB1","Protein_1343",178888,1,42.2
"P01227","AR","Protein_605",124578,42,8.8
"P01228","APC","Protein_4980",267148,4,24
"P01229","PTEN","Protein_921",238976,4,89.1
"P01230","MAPK1","Protein_3790",168455,1,14.8
"P01231","FAS","Protein_2776",28319,1,42.4
"P01232","NF1","Protein_1211",177085,23,72.9
"P01233","AR","Protein_3989",71571,3,78.8
"P01234","FAS","Protein_3131",237432,1,15.7
"P01235","SMAD4","Protein_1579",160524,18,83.1
"P01236","GSK3B","Protein_1927",233387,1,43.6
"P01237","NF1","Protein_825",187737,22,56.1
"P01238","SMAD4","Protein_2468",259810,5,83.6
"P01239","CCND1","Protein_1862",32777,29,57
"P01240","JUN","Protein_3952",17372,1,64.1
"P01241","CDKN2A","Protein_4965",282181,29,45.1
"P01242","IL6","Protein_9",44370,8,5.4
"P01243","CTNNB1","Protein_4876",141916,7,48.1
"P01244","KRAS","Protein_1873",44471,2,90.5
"P01245","TSC1","Protein_4934",32816,8,96
"P01246","VHL","Protein_3286",197603,2,70.5
"P01247","NF1","Protein_3",37944,4,4.9
"P01248","AR","Protein_698",35353,1,58.7
"P01249","SMAD4","Protein_3360",247752,7,91.1
"P01250","PIK3CA","Protein_4303",128780,1,44.8
"P01251","FAS","Protein_1583",286585,42,18.8
"P01252","MAPK1","Protein_81",202544,28,19.4
"P01253","VHL","Protein_2234",69545,1,29.4
"P01254","ERBB2","Protein_2759",292421,42,20.5
"P01255","BRCA1","Protein_4048",167350,38,8.7
"P01256","FAS","Protein_1403",127383,32,17
"P01257","TP53","Protein_554",264066,3,89
"P01258","GSK3B","Protein_4410",152574,5,8.2
"P01259","GSK3B","Protein_3872",116768,3,80.7
"P01260","KRAS","Protein_3679",182013,7,70.3
"P01261","NOTCH1","Protein_2713",127869,23,46.1
"P01262","JUN","Protein_3883",89984,10,8.7
"P01263","BRAF","Protein_3077",48228,1,10.6
"P01264","TP53","Protein_2173",10200,3,66.2
"P01265","RB1","Protein_2932",151558,19,77
"P01266","RET","Protein_4227",281046,12,19.8
"P01267","MYC","Protein_4556",287571,8,56.5
"P01268","MTOR","Protein_3973",116018,20,80.8
"P01269","APC","Protein_235",290548,8,45.9
"P01270","TP53","Protein_611",78646,23,85
"P01271","CDKN2A","Protein_1270",56493,2,14.6
"P01272","GSK3B","Protein_142",187855,29,50.8
"P01273","JUN","Protein_3056",222526,18,33.3
"P01274","CTNNB1","Protein_1619",87854,3,65.4
"P01275","GSK3B","Protein_3513",281180,22,49.5
"P01276","NF1","Protein_4129",248165,10,60.9
"P01277","KIT","Protein_3868",217118,2,18.6
"P01278","APC","Protein_1723",104215,4,8
"P01279","SMAD4","Protein_3156",59183,3,52
"P01280","FAS","Protein_830",243141,1,78.9
"P01281","PIK3CA","Protein_486",237283,19,50.6
"P01282","AR","Protein_1029",128224,1,78.1
"P01283","SMAD4","Protein_1686",38217,16,14.3
"P01284","APC","Protein_4551",57544,3,18.2
"P01285","NF1","Protein_2902",192942,1,80.7
"P01286","MTOR","Protein_1792",233156,9,16
"P01287","ERBB2","Protein_26",258006,7,66.8
"P01288","PTEN","Protein_3766",297880,31,64.2
"P01289","TP53","Protein_2221",113803,1,25.8
"P01290","TNF","Protein_309",56539,20,13.9
"P01291","ERBB2","Protein_4609",88732,20,61.2
"P01292","AR","Protein_3208",105614,1,57
"P01293","MYC","Protein_510",49271,6,9.7
"P01294","CDKN2A","Protein_2841",45126,15,73.7
"P01295","BRCA1","Protein_2458",182677,3,69.7
"P01296","TP53","Protein_4180",283849,1,39.4
"P01297","CCND1","Protein_1213",272041,9,87
"P01298","TSC1","Protein_2727",169685,22,44.3
"P01299","PIK3CA","Protein_4458",122174,3,10.4
"P01300","PIK3CA","Protein_4425",12894,1,24.7
"P01301","CDKN2A","Protein_4990",281471,20,16.4
"P01302","CTNNB1","Protein_3589",14065,1,37.8
"P01303","CTNNB1","Protein_2799",115188,14,73.4
"P01304","RB1","Protein_3619",249591,6,28.4
"P01305","RB1","Protein_2626",175714,1,38
"P01306","CCND1","Protein_3345",189102,1,99.4
"P01307","RB1","Protein_4309",120913,31,26.1
"P01308","FAS","Protein_4051",16757,26,72.6
"P01309","MAPK1","Protein_2736",217866,27,60.3
"P01310","CCND1","Protein_1421",43138,1,87
"P01311","IL6","Protein_229",225249,17,66.6
"P01312","IL6","Protein_3534",199896,13,31.9
"P01313","CTNNB1","Protein_2411",162516,36,22.4
"P01314","APC","Protein_2951",160176,24,41.8
"P01315","RET","Protein_2705",70443,22,3
"P01316","VHL","Protein_3826",18993,3,99.7
"P01317","KRAS","Protein_3630",270724,2,68.9
"P01318","EGFR","Protein_2926",234498,12,20.3
"P01319","RB1","Protein_4541",58208,1,79.2
"P01320","GSK3B","Protein_2687",107199,2,26
"P01321","SMAD4","Protein_3361",175404,5,59.8
"P01322","KRAS","Protein_3600",269052,1,44.4
"P01323","TP53","Protein_1616",21528,49,13.1
"P01324","CDKN2A","Protein_405",205393,1,86.5
"P01325","RET","Protein_4080",241139,13,66
"P01326","KIT","Protein_2032",265652,1,0.1
"P01327","RET","Protein_3816",84417,1,61.4
"P01328","PTEN","Protein_3998",17182,11,98
"P01329","AR","Protein_3128",171149,4,45.8
"P01330","AKT1","Protein_2857",233982,6,13.7
"P01331","KIT","Protein_3716",264154,7,77.9
"P01332","PIK3CA","Protein_1466",257499,1,11
"P01333","IL6","Protein_2686",291001,15,80.8
"P01334","TSC1","Protein_4177",212977,5,36.6
"P01335","APC","Protein_4733",116697,3,15
"P01336","FAS","Protein_2187",48367,1,74.5
"P01337","KIT","Protein_959",227761,40,1.9
"P01338","APC","Protein_4422",149476,20,19.7
"P01339","ERBB2","Protein_2714",265465,13,6.2
"P01340","IL6","Protein_3627",18009,1,3
"P01341","NF1","Protein_2430",38780,5,31.2
"P01342","EGFR","Protein_2093",92288,4,31.2
"P01343","BRCA1","Protein_389",242328,1,96.9
"P01344","MYC","Protein_2440",75880,11,62.9
"P01345","CCND1","Protein_1017",22242,8,25.4
"P01346","PTEN","Protein_1282",194156,1,80.7
"P01347","KRAS","Protein_4005",156796,1,10.4
"P01348","RET","Protein_1780",295582,37,87.3
"P01349","KRAS","Protein_3740",89285,4,72.2
"P01350","KRAS","Protein_880",193224,9,33.2
"P01351","GSK3B","Protein_1182",211052,1,80.5
"P01352","EGFR","Protein_1687",108027,11,92.8
"P01353","TNF","Protein_2047",42173,11,72.6
"P01354","IL6","Protein_81",248431,20,88.5
"P01355","TSC1","Protein_3349",257457,17,3.1
"P01356","RB1","Protein_3864",235733,23,32.2
"P01357","VHL","Protein_571",299224,2,15.3
"P01358","RB1","Protein_4152",183484,14,81.9
"P01359","KRAS","Protein_596",113604,1,61.5
"P01360","KRAS","Protein_1342",84101,49,85.5
"P01361","AR","Protein_1457",271010,10,3.6
"P01362","IL6","Protein_3511",218828,2,8.4
"P01363","FAS","Protein_3088",10812,1,41.8
"P01364","RET","Protein_4252",228984,39,93.6
"P01365","AR","Protein_3562",226058,1,22.3
"P01366","CTNNB1","Protein_3939",188293,1,46.9
"P01367","TSC1","Protein_2735",83939,1,83.4
"P01368","PIK3CA","Protein_4029",292102,2,69.2
"P01369","RB1","Protein_3430",236972,14,32
"P01370","IL6","Protein_2620",296940,2,46.5
"P01371","IL6","Protein_2554",272698,8,13.1
"P01372","BRAF","Protein_3509",56772,1,24.5
"P01373","AR","Protein_2204",35679,1,21
"P01374","GSK3B","Protein_3040",200225,6,93.7
"P01375","APC","Protein_3907",117595,1,41
"P01376","RET","Protein_1399",41582,16,90.6
"P01377","TP53","Protein_4425",254682,24,62.7
"P01378","MTOR","Protein_1601",94965,1,14.2
"P01379","TP53","Protein_3726",246859,10,95.6
"P01380","MYC","Protein_4896",106266,10,49.4
"P01381","APC","Protein_2445",71002,1,43.4
"P01382","RET","Protein_1854",138759,15,70.5
"P01383","APC","Protein_1115",162268,18,6.6
"P01384","PIK3CA","Protein_3475",288585,6,3.7
"P01385","FAS","Protein_4021",13320,8,99.9
"P01386","CTNNB1","Protein_566",68937,1,32.6
"P01387","NOTCH1","Protein_2659",123699,7,62.2
"P01388","RET","Protein_4144",211992,1,68.4
"P01389","KIT","Protein_679",157626,1,46.5
"P01390","KIT","Protein_4952",237475,1,36.5
"P01391","NOTCH1","Protein_3712",289895,1,99.1
"P01392","TSC1","Protein_3591",182729,13,2
"P01393","MTOR","Protein_1622",221981,1,66
"P01394","TSC1","Protein_3834",216547,43,6.9
"P01395","AR","Protein_3175",144285,45,58.7
"P01396","CDKN2A","Protein_2570",84736,2,17.8
"P01397","KIT","Protein_4978",255708,3,42.1
"P01398","BRCA1","Protein_4523",103767,37,56.9
"P01399","KIT","Protein_174",188752,3,34.4
"P01400","TNF","Protein_4056",81949,1,3.5
"P01401","CCND1","Protein_3030",239778,4,87.5
"P01402","KRAS","Protein_3933",14110,2,69.1
"P01403","BRCA1","Protein_955",98180,6,75.7
"P01404","SMAD4","Protein_888",222958,5,85.6
"P01405","KRAS","Protein_4143",244043,8,72.8
"P01406","EGFR","Protein_1290",108282,3,28.6
"P01407","TNF","Protein_930",226941,26,35.8
"P01408","BRCA1","Protein_2519",134708,7,82.7
"P01409","GSK3B","Protein_4385",249195,17,13.9
"P01410","JUN","Protein_1598",226647,20,83.5
"P01411","GSK3B","Protein_1598",140968,49,11.1
"P01412","CCND1","Protein_1988",160769,26,49.3
"P01413","KRAS","Protein_3036",256736,46,74.5
"P01414","IL6","Protein_285",142133,19,35.9
"P01415","ERBB2","Protein_2775",45520,29,49.9
"P01416","APC","Protein_2909",96522,1,42.5
"P01417","MTOR","Protein_2414",52457,1,2.5
"P01418","VHL","Protein_1321",284612,2,3
"P01419","NOTCH1","Protein_1679",104827,39,94.1
"P01420","VHL","Protein_121",171088,3,71.2
"P01421","CDKN2A","Protein_1441",268396,8,75.6
"P01422","BRAF","Protein_4182",168802,17,63.1
"P01423","JUN","Protein_3456",249481,20,34.2
"P01424","AR","Protein_4611",252563,1,43.9
"P01425","BRAF","Protein_1327",252912,2,96.1
"P01426","AR","Protein_3184",197862,2,0.3
"P01427","EGFR","Protein_4942",100654,18,59.5
"P01428","AR","Protein_3089",64918,16,61.5
"P01429","KRAS","Protein_4210",264518,42,6.5
"P01430","KRAS","Protein_1538",109239,24,71.4
"P01431","BRCA1","Protein_1636",154513,8,67
"P01432","CDKN2A","Protein_2425",73377,9,19.1
"P01433","SMAD4","Protein_4145",73376,2,30.2
"P01434","KRAS","Protein_228",23380,41,84.4
"P01435","NF1","Protein_2788",69827,15,84.4
"P01436","TSC1","Protein_2554",135771,1,71.8
"P01437","BRCA1","Protein_3882",167339,11,6.9
"P01438","IL6","Protein_2902",219881,8,11.7
"P01439","KRAS","Protein_4009",292155,5,77.8
"P01440","NOTCH1","Protein_2807",97630,5,16.9
"P01441","KIT","Protein_682",223905,1,82.6
"P01442","APC","Protein_3264",204435,1,41.3
"P01443","AKT1","Protein_2373",131097,11,48.7
"P01444","NF1","Protein_4278",234766,2,16.1
"P01445","ERBB2","Protein_1985",110556,6,67.8
"P01446","FAS","Protein_4040",141959,8,14.8
"P01447","TNF","Protein_580",62031,9,19.5
"P01448","IL6","Protein_3677",102083,30,91.3
"P01449","CDKN2A","Protein_4709",15773,14,40.2
"P01450","APC","Protein_3331",79977,8,12.4
"P01451","KRAS","Protein_4028",186945,7,45.4
"P01452","BRCA1","Protein_2024",123094,16,60.3
"P01453","PIK3CA","Protein_2386",23384,18,85.4
"P01454","APC","Protein_1549",282924,1,6
"P01455","FAS","Protein_1082",281246,7,60.3
"P01456","CDKN2A","Protein_3",165524,2,49.7
"P01457","NOTCH1","Protein_4208",140489,16,72
"P01458","VHL","Protein_1955",103372,5,71.5
"P01459","TSC1","Protein_3785",165449,1,23.8
"P01460","CTNNB1","Protein_491",104597,7,86.7
"P01461","CDKN2A","Protein_1352",147473,21,26.1
"P01462","KRAS","Protein_949",163449,13,13.1
"P01463","PIK3CA","Protein_2382",255290,5,18.9
"P01464","RET","Protein_3688",170153,4,22.8
"P01465","SMAD4","Protein_2173",214788,30,81
"P01466","KRAS","Protein_4041",274129,19,81.5
"P01467","RB1","Protein_2384",137489,1,52.9
"P01468","MAPK1","Protein_4671",107445,9,72.2
"P01469","FAS","Protein_3041",276921,47,58.1
"P01470","EGFR","Protein_615",252353,1,38.6
"P01471","KIT","Protein_72",254898,6,43
"P01472","KRAS","Protein_3589",86568,10,51.9
"P01473","TNF","Protein_1668",172546,40,18.6
"P01474","GSK3B","Protein_1565",180221,1,31.2
"P01475","BRCA1","Protein_3659",51936,12,69.3
"P01476","NOTCH1","Protein_2298",115790,2,76.2
"P01477","MAPK1","Protein_2097",269734,21,71.1
"P01478","PIK3CA","Protein_4744",254403,9,63.6
"P01479","TNF","Protein_1422",233027,29,68.4
"P01480","MTOR","Protein_3736",276464,1,46.3
"P01481","ERBB2","Protein_4821",113160,1,59.3
"P01482","MAPK1","Protein_2910",281919,4,19.9
"P01483","MYC","Protein_2459",181661,16,73.5
"P01484","TP53","Protein_2896",228422,4,60.9
"P01485","GSK3B","Protein_4048",33225,7,62.2
"P01486","FAS","Protein_4514",98930,4,38.6
"P01487","RET","Protein_1019",242909,1,42.2
"P01488","BRAF","Protein_2772",140664,1,3.2
"P01489","KIT","Protein_3259",19459,1,18.1
"P01490","MTOR","Protein_1468",189342,15,17
"P01491","VHL","Protein_2102",234095,14,6.1
"P01492","PTEN","Protein_4444",15344,17,4.6
"P01493","NF1","Protein_1164",141613,13,8.4
"P01494","MTOR","Protein_1435",277454,3,82.5
"P01495","MTOR","Protein_4228",194387,8,80.5
"P01496","MYC","Protein_1981",51336,11,93.5
"P01497","APC","Protein_4093",69585,2,46
"P01498","VHL","Protein_1521",103667,1,99.1
"P01499","BRCA1","Protein_3514",201793,4,34.1
"P01500","AR","Protein_1496",273469,6,98.4
